Product_Name,Price,Ratings,Product_Link,Product_Image
"Marks & Spencer Men's England Knit T-Shirt - The Football Association, Large",INR 973.40,-1,https://www.ebay.com/itm/Marks-Spencer-Mens-England-Knit-T-Shirt-The-Football-Association-Large/223867764090?_trkparms=ispr%3D1&hash=item341f8efd7a:g:Av0AAOSwqIJefnRo&enc=AQAFAAACcBaobrjLl8XobRIiIML1V4Imu%2Fn%2BzU5L90Z278x5ickkgCVySCgrNFPU8Iu85TabMLfpjkZrZcVhN4lc0du2CT%2BYQVplX65dTBIBxbcXTy07KC4RxyS0uM1xQ9kK1Fw1tasEXTLCat0YBd0OhwClmFK8iD8O0LLlbVgRm%2FJn47rgL7qylU8LfwI492kO9%2F4uEztSD72vmxinHRl6L%2F%2FOLwg2lc2%2FbgUUB5lKWgxyzf%2BjNm5LtnraIzshLZNgxmzO87ipqcYClrFRWhZ8%2FvKLJSOSglslsPDD7n8DgBsUBGnxqdHFOc9JEOUExFthdbuAw9v9c0lEomaHKVZr%2FrZg7qw9J5MEIlyUmh95lFNy6K7ZZZwd%2F9Z5a13QbD97%2FByHP4DwdzQT%2FpmxFjZXHtKKZL9ACOiv8MB%2FWj2K4Meyw5V9ugExaLjoQDPVp5Bi%2FT2CGlkZB3bHOyMSyM501M0R%2FrNomMhAPaxZyJE7PmVsDjYyTKzjpyDrxKlJkS7h8M4dm35yUYdjKyFqR5fVdWYk3URvziwzR6hCQEU%2Bgp9zQ9JupSg9ivGorzG83fvmFtnWLsmEfEGXwf0cPneNQD%2FPlAZKC0h6n2VuTNDMI4wx%2BbwE8UJDtHfqHuLKIfovg5AmU2bNT%2BLYuIzOHxuEbcH7hrLTjUELWaoyovxu6GMrVbHn%2B%2BWKkafmwZKmXJfh8FF6yhzzqi8vHEQSltC5VB%2BZ3GmWGFT4xekLqHFFNLUY%2BYgkUDAKCbegIsDIheH8s2p1aG99OqTxfRDsUzDT8ii44VKrW5OD4f39E73BmC3jpjvPcyLqKpZfJYgKT9QqRRCaTQ%3D%3D&checksum=2238677640904540821a8360496e965d3c622d02305d,https://i.ebayimg.com/thumbs/images/g/Av0AAOSwqIJefnRo/s-l225.jpg
marks & spencer womens scoop neck t shirt top sea green size 12 stretch basic,"INR 1,497.94",-1,https://www.ebay.com/itm/marks-spencer-womens-scoop-neck-t-shirt-top-sea-green-size-12-stretch-basic/193533208260?_trkparms=ispr%3D1&hash=item2d0f7a66c4:g:sVAAAOSwXI1eG8YQ&enc=AQAFAAACcBaobrjLl8XobRIiIML1V4Imu%2Fn%2BzU5L90Z278x5ickkfKe2vUidqHRg3XM2X2xOVC7do2zl9I5KbwJEY53bozGsR2jGglNTWSrTxaGnAZOJUfgxKf%2BNZHTBInBwe04agDQL5LIJJ8LGOmeLouh482No46caSCZBPf2sSxRniIY9Kn6qplez%2BClKEt6H5tnSPEjsZd8l6iYwXOvZtqbZ99%2FozDe8vs%2BszpVEKycgTpAZH%2FZPSedPdqYHPb%2BJ3pklUYX5pBJ7rdR6xvX14nD3lk4Eo%2BrYCwb3RDnsVrHXwot1yL2lBVrTKPi8nzVB3%2F6z3cdZOxOPOA9KcAkfOr5HJTM2UPNFV8q%2BH5s6iL4mUY4SMQP%2FPILc71uhD7OAEdA%2FD9JZ%2F9JZ2eg%2F0xsaXubP%2BUFQVd5i0ii3BjM9gq2MTkzrOjnATN9ETCSGeN3QqCRUe2hO251yb35JUY6rPNa59vuMDUDVZ8o3bLlpH4Gkv29RDVrjEPQAiWzZNfa5PnHKNo0h6G%2BoKhcqlCFo4WUxpb6UP4kwNAV5uRqBGt0VADHDZsN6ddwF2PvZn93FC10%2FI5B9vvVvjm%2B9bkzzUvj90dmRmTehTy2yhtF8y02eJs5RToditBpihprgPV3JBSE%2B6KlVIBq7zmhSoGyBbIzSjuT5vQlqrFbT7Lr4c0fXsdCK34jl4kmar%2Bwhe0wfXrHl2Peyy9x4jcTtbI%2Bqto4QSxCXrjaPfCPEZ64fHTN%2BxgwgZs4ORYKHg%2F2OhDM%2BMJhpsHl32kAqIEiPEft%2FrOt2lhIi6TH5RmWOieIhd2O5sr68ipG3dvvVAu6Q5vUyNGEd6w%3D%3D&checksum=1935332082604540821a8360496e965d3c622d02305d,https://i.ebayimg.com/thumbs/images/g/sVAAAOSwXI1eG8YQ/s-l225.jpg
st michael marks and spencer Grey tee shirt Med.,INR 598.73,Previous Price,https://www.ebay.com/itm/st-michael-marks-and-spencer-Grey-tee-shirt-Med/124183617743?hash=item1ce9eba0cf:g:VRoAAOSweFheuVy6,https://i.ebayimg.com/thumbs/images/g/VRoAAOSweFheuVy6/s-l225.jpg
M&S Marks & Spencer Women XL 22(UK) Solid Black Cotton Crew Long Sleeve T-Shirt,"INR 1,138.25",-1,https://www.ebay.com/itm/M-S-Marks-Spencer-Women-XL-22-UK-Solid-Black-Cotton-Crew-Long-Sleeve-T-Shirt/203061664917?hash=item2f476b1c95:g:wTsAAOSwgbte0nM5,https://i.ebayimg.com/thumbs/images/g/wTsAAOSwgbte0nM5/s-l225.jpg
Marks and Spencer Lilac Vneck t-shirt Womenâs Size XXl ,INR 314.72,Previous Price,https://www.ebay.com/itm/Marks-and-Spencer-Lilac-Vneck-t-shirt-Women-s-Size-XXl/124168485221?hash=item1ce904b965:g:hKAAAOSwzY1dGBTe,https://i.ebayimg.com/thumbs/images/g/hKAAAOSwzY1dGBTe/s-l225.jpg
2 Marks and Spencer Autograph Men's Plain Black T-Shirt  Large,INR 538.78,Previous Price,https://www.ebay.com/itm/2-Marks-and-Spencer-Autograph-Mens-Plain-Black-T-Shirt-Large/124253133963?hash=item1cee105c8b:g:9rgAAOSwngJdk~~C,https://i.ebayimg.com/thumbs/images/g/9rgAAOSwngJdk~~C/s-l225.jpg
Marks and Spencer  Women's Blue Round Neck Short Sleeve Thermal T-Shirt Med,INR 508.80,Previous Price,https://www.ebay.com/itm/Marks-and-Spencer-Womens-Blue-Round-Neck-Short-Sleeve-Thermal-T-Shirt-Med/124158511836?hash=item1ce86c8adc:g:QrIAAOSwHX5ditfZ,https://i.ebayimg.com/thumbs/images/g/QrIAAOSwHX5ditfZ/s-l225.jpg
Marks & Spencer Womens Long Sleeve Blue and grey tee shirt UK 12-14 us 8-10,INR 554.51,Previous Price,https://www.ebay.com/itm/Marks-Spencer-Womens-Long-Sleeve-Blue-and-grey-tee-shirt-UK-12-14-us-8-10/124219327115?hash=item1cec0c828b:g:YGYAAOSwVc9eG-FT,https://i.ebayimg.com/thumbs/images/g/YGYAAOSwVc9eG-FT/s-l225.jpg
Womens Per Una Marks and Spencer M&S top  US 10 long T-shirt Brown W satin trim ,INR 584.49,Previous Price,https://www.ebay.com/itm/Womens-Per-Una-Marks-and-Spencer-M-S-top-US-10-long-T-shirt-Brown-W-satin-trim/124158511848?hash=item1ce86c8ae8:g:P4IAAOSwDnleI8Vh,https://i.ebayimg.com/thumbs/images/g/P4IAAOSwDnleI8Vh/s-l225.jpg
MENS M&S NORTH COAST Thermal LONG SLEEVE T.SHIRT TOP SIZE XL Maroon,INR 598.73,Previous Price,https://www.ebay.com/itm/MENS-M-S-NORTH-COAST-Thermal-LONG-SLEEVE-T-SHIRT-TOP-SIZE-XL-Maroon/124183047251?hash=item1ce9e2ec53:g:f78AAOSwaRleuLSq,https://i.ebayimg.com/thumbs/images/g/f78AAOSwaRleuLSq/s-l225.jpg
"Marks&Spencer Girl's ""Flamingo"" T-Shirt - Size Girls 11-12 Years, Never Worn!",INR 749.34,Time left,https://www.ebay.com/itm/Marks-Spencer-Girls-Flamingo-T-Shirt-Size-Girls-11-12-Years-Never-Worn/293675261716?hash=item446068df14:g:d1MAAOSwQHBdSwnn,https://i.ebayimg.com/thumbs/images/g/d1MAAOSwQHBdSwnn/s-l225.jpg
"M&S Girl's ""Leopard"" T-Shirt - Size Girls 12-13 Years, Never Worn, Amazing Shirt",INR 449.61,Time left,https://www.ebay.com/itm/M-S-Girls-Leopard-T-Shirt-Size-Girls-12-13-Years-Never-Worn-Amazing-Shirt/293675261676?hash=item446068deec:g:9TgAAOSwe5ZdSw7P,https://i.ebayimg.com/thumbs/images/g/9TgAAOSwe5ZdSw7P/s-l225.jpg
Marks & Spencer Women's Dress Embroidered Rose Mini T Shirt Black size Small,INR 373.92,Time left,https://www.ebay.com/itm/Marks-Spencer-Womens-Dress-Embroidered-Rose-Mini-T-Shirt-Black-size-Small/133485237751?hash=item1f145715f7:g:e98AAOSw8zdarWXs,https://i.ebayimg.com/thumbs/images/g/e98AAOSw8zdarWXs/s-l225.jpg
"Marks & Spencer Men's England Knit T-Shirt - The Football Association, Large",INR 973.40,-1,https://www.ebay.com/itm/Marks-Spencer-Mens-England-Knit-T-Shirt-The-Football-Association-Large/223867764090?_trkparms=ispr%3D1&hash=item341f8efd7a:g:Av0AAOSwqIJefnRo&enc=AQAFAAACcBaobrjLl8XobRIiIML1V4Imu%2Fn%2BzU5L90Z278x5ickkgCVySCgrNFPU8Iu85TabMLfpjkZrZcVhN4lc0du2CT%2BYQVplX65dTBIBxbcXTy07KC4RxyS0uM1xQ9kK1Fw1tasEXTLCat0YBd0OhwClmFK8iD8O0LLlbVgRm%2FJn47rgL7qylU8LfwI492kO9%2F4uEztSD72vmxinHRl6L%2F%2FOLwg2lc2%2FbgUUB5lKWgxyzf%2BjNm5LtnraIzshLZNgxmzO87ipqcYClrFRWhZ8%2FvKLJSOSglslsPDD7n8DgBsUBGnxqdHFOc9JEOUExFthdbuAw9v9c0lEomaHKVZr%2FrZg7qwmijtsIV40LlnkOggZDTxkiJFmHI1GjRUP7lHwIup9n1WkawvdbgoWiXc1TxNUeeBttH6R%2BKFUdBL8QYc4vJoUMCZkVvitwbWxyrVmRypyryaHuA9RqXDwBGnnN9Nc5O2u8lUSEqw%2F3E4%2Fk1IyWMPNh5w%2Ba5Etpab0F9CmNbkDGFtIUlt0HgsAFSZDh67d%2FCUSRo0dHvLlOUM6OqAQ%2BJh5qKcU3pC06ZPvd4joZw2mXzzhRn%2F%2B057sk25zZstr3iMQUxrGzU03%2FlRNUmTO5WycWUFN0ekW7CDHzDSKDk7bHJACdSNuUwa7b21GjBkGp7X4Nm3e%2BZqMXmS0bxLqUowqUWu%2FiHrmktrpJUbnU1L%2BjAX%2BMOhqktcBaMD5YycsuvDk5vtwm8aF3qTBLRD%2FYEzh4FQS7G4MAqInF6nYIuwhHlT%2BA5rzOHq0VKp7BDCzI50oWVDubpnScepcrMQjr1Eqh69Jb03SJjqcFvsGgCdmLQ%3D%3D&checksum=22386776409056e167574fad4056bf885dab06a4cdba,https://i.ebayimg.com/thumbs/images/g/Av0AAOSwqIJefnRo/s-l225.jpg
marks & spencer womens scoop neck t shirt top sea green size 12 stretch basic,"INR 1,497.94",-1,https://www.ebay.com/itm/marks-spencer-womens-scoop-neck-t-shirt-top-sea-green-size-12-stretch-basic/193533208260?_trkparms=ispr%3D1&hash=item2d0f7a66c4:g:sVAAAOSwXI1eG8YQ&enc=AQAFAAACcBaobrjLl8XobRIiIML1V4Imu%2Fn%2BzU5L90Z278x5ickkfKe2vUidqHRg3XM2X2xOVC7do2zl9I5KbwJEY53bozGsR2jGglNTWSrTxaGnAZOJUfgxKf%2BNZHTBInBwe04agDQL5LIJJ8LGOmeLouh482No46caSCZBPf2sSxRniIY9Kn6qplez%2BClKEt6H5tnSPEjsZd8l6iYwXOvZtqbZ99%2FozDe8vs%2BszpVEKycgTpAZH%2FZPSedPdqYHPb%2BJ3pklUYX5pBJ7rdR6xvX14nD3lk4Eo%2BrYCwb3RDnsVrHXwot1yL2lBVrTKPi8nzVB3%2F6z3cdZOxOPOA9KcAkfOr5HJTPojGT6qsUP%2FndtY2SL75RiEKGNwJB8Oai4VEoEHKTaTGMEBr7kx%2FQAEoeptGUjVrsO%2B6SLczktNNqWhIOFaDE4%2B9I9HaqTBzKvUPnNAc6BebHGOcek%2FTUBU7GYfjSt%2BMDPQBWNVu%2FFQIhHI5UH6BOABfjRfLI065qYF9I9%2BCqy4J18awPS6qWN5ODypanOOG8LI6POaHuU19HBiALbz81gsatSLc30ic6IbKHejqKTCdvN1Z%2FvIoOt0E7Bn0Vgx%2Bdlcmcv%2BszynOVviyjE2lAzOB9nQv5wfZRSAk%2FWqsjLp2M4BNW9XQMY6uYsVmniCnx6AVPQ2xqEv1nPPVI2yJaiX8I2p2kXrlOJvDdqisQQSgUwmw%2BwAsLvOKGBySTnlmA4WqzKp%2F9u6AgTUsKlomBdZCP%2F4cEiM3AfFgLJ8T0gVqSZjgH5Ct9UJyln2a2EFdjdtOpBCvE%2F8XEvJPaqpt3J9py9%2FQJ3bwuh%2BbreybTN6w%3D%3D&checksum=19353320826056e167574fad4056bf885dab06a4cdba,https://i.ebayimg.com/thumbs/images/g/sVAAAOSwXI1eG8YQ/s-l225.jpg
st michael marks and spencer Grey tee shirt Med.,INR 598.73,Previous Price,https://www.ebay.com/itm/st-michael-marks-and-spencer-Grey-tee-shirt-Med/124183617743?hash=item1ce9eba0cf:g:VRoAAOSweFheuVy6,https://i.ebayimg.com/thumbs/images/g/VRoAAOSweFheuVy6/s-l225.jpg
M&S Marks & Spencer Women XL 22(UK) Solid Black Cotton Crew Long Sleeve T-Shirt,"INR 1,138.25",-1,https://www.ebay.com/itm/M-S-Marks-Spencer-Women-XL-22-UK-Solid-Black-Cotton-Crew-Long-Sleeve-T-Shirt/203061664917?hash=item2f476b1c95:g:wTsAAOSwgbte0nM5,https://i.ebayimg.com/thumbs/images/g/wTsAAOSwgbte0nM5/s-l225.jpg
Marks and Spencer Lilac Vneck t-shirt Womenâs Size XXl ,INR 314.72,Previous Price,https://www.ebay.com/itm/Marks-and-Spencer-Lilac-Vneck-t-shirt-Women-s-Size-XXl/124168485221?hash=item1ce904b965:g:hKAAAOSwzY1dGBTe,https://i.ebayimg.com/thumbs/images/g/hKAAAOSwzY1dGBTe/s-l225.jpg
2 Marks and Spencer Autograph Men's Plain Black T-Shirt  Large,INR 538.78,Previous Price,https://www.ebay.com/itm/2-Marks-and-Spencer-Autograph-Mens-Plain-Black-T-Shirt-Large/124253133963?hash=item1cee105c8b:g:9rgAAOSwngJdk~~C,https://i.ebayimg.com/thumbs/images/g/9rgAAOSwngJdk~~C/s-l225.jpg
"Marks & Spencer Men's England Knit T-Shirt - The Football Association, Large",INR 973.40,-1,https://www.ebay.com/itm/Marks-Spencer-Mens-England-Knit-T-Shirt-The-Football-Association-Large/223867764090?_trkparms=ispr%3D1&hash=item341f8efd7a:g:Av0AAOSwqIJefnRo&enc=AQAFAAACcBaobrjLl8XobRIiIML1V4Imu%2Fn%2BzU5L90Z278x5ickkgCVySCgrNFPU8Iu85TabMLfpjkZrZcVhN4lc0du2CT%2BYQVplX65dTBIBxbcXTy07KC4RxyS0uM1xQ9kK1Fw1tasEXTLCat0YBd0OhwClmFK8iD8O0LLlbVgRm%2FJn47rgL7qylU8LfwI492kO9%2F4uEztSD72vmxinHRl6L%2F%2FOLwg2lc2%2FbgUUB5lKWgxyzf%2BjNm5LtnraIzshLZNgxmzO87ipqcYClrFRWhZ8%2FvKLJSOSglslsPDD7n8DgBsUBGnxqdHFOc9JEOUExFthdbuAw9v9c0lEomaHKVZr%2FrZg7qyf%2BlNqnTctzIA1u3qMaQi%2BxVn5h1Dkki4lHMwJDaL82qOJdtLLr%2F%2FeCsSCF9PwP6gpXAPIF1R9WHD2MOsTsTDeh7OT02Mqcbt2Bk0ssvMeP%2Bc%2B1i%2B70nTJmCU4Jh2idBczfSDL6bwx0yZBlXB2TMC5ZZhtTeyrT7nurLQ66J50GdBbA4qaUn108587WfAT3u0G%2FPNUl45akaSUuTXhbVNqWqp0g9k9xbuG74Q%2B%2FAKh30hAMapzMZyzucTi00Lg155lLAsoPFiqNww3%2BtaF5huA4DaHULcQNIsIx9lt7Qth1LNKyyNx%2FWOLqG0VOOZ%2FgUlbi460FhM%2F8%2BFASsaojVv77ebATX6d6qQOdbr243L%2BmXKbbuHQDSQqTamvjyjepdg3dVQpPq4cQ7mkyrO8sZJgOdl0462bQdBOlo%2F76BPjmrrk8kAwcCClee4Xpd9Er90FTqlFLKXOhQ4xpaatgPc9shXioUtgOpDUnqhN%2F7FXxg%3D%3D&checksum=223867764090a670e659c4d8460db6c6bce5d7d595c0,https://i.ebayimg.com/thumbs/images/g/Av0AAOSwqIJefnRo/s-l225.jpg
marks & spencer womens scoop neck t shirt top sea green size 12 stretch basic,"INR 1,497.94",-1,https://www.ebay.com/itm/marks-spencer-womens-scoop-neck-t-shirt-top-sea-green-size-12-stretch-basic/193533208260?hash=item2d0f7a66c4:g:sVAAAOSwXI1eG8YQ,https://i.ebayimg.com/thumbs/images/g/sVAAAOSwXI1eG8YQ/s-l225.jpg
Marks and Spencer  Women's Blue Round Neck Short Sleeve Thermal T-Shirt Med,INR 508.80,Previous Price,https://www.ebay.com/itm/Marks-and-Spencer-Womens-Blue-Round-Neck-Short-Sleeve-Thermal-T-Shirt-Med/124158511836?hash=item1ce86c8adc:g:QrIAAOSwHX5ditfZ,https://i.ebayimg.com/thumbs/images/g/QrIAAOSwHX5ditfZ/s-l225.jpg
st michael marks and spencer Grey tee shirt Med.,INR 598.73,Previous Price,https://www.ebay.com/itm/st-michael-marks-and-spencer-Grey-tee-shirt-Med/124183617743?hash=item1ce9eba0cf:g:VRoAAOSweFheuVy6,https://i.ebayimg.com/thumbs/images/g/VRoAAOSweFheuVy6/s-l225.jpg
M&S Marks & Spencer Women XL 22(UK) Solid Black Cotton Crew Long Sleeve T-Shirt,"INR 1,138.25",-1,https://www.ebay.com/itm/M-S-Marks-Spencer-Women-XL-22-UK-Solid-Black-Cotton-Crew-Long-Sleeve-T-Shirt/203061664917?hash=item2f476b1c95:g:wTsAAOSwgbte0nM5,https://i.ebayimg.com/thumbs/images/g/wTsAAOSwgbte0nM5/s-l225.jpg
Marks & Spencer Womens Long Sleeve Blue and grey tee shirt UK 12-14 us 8-10,INR 554.51,Previous Price,https://www.ebay.com/itm/Marks-Spencer-Womens-Long-Sleeve-Blue-and-grey-tee-shirt-UK-12-14-us-8-10/124219327115?hash=item1cec0c828b:g:YGYAAOSwVc9eG-FT,https://i.ebayimg.com/thumbs/images/g/YGYAAOSwVc9eG-FT/s-l225.jpg
Marks and Spencer Lilac Vneck t-shirt Womenâs Size XXl ,INR 314.72,Previous Price,https://www.ebay.com/itm/Marks-and-Spencer-Lilac-Vneck-t-shirt-Women-s-Size-XXl/124168485221?hash=item1ce904b965:g:hKAAAOSwzY1dGBTe,https://i.ebayimg.com/thumbs/images/g/hKAAAOSwzY1dGBTe/s-l225.jpg
Womens Per Una Marks and Spencer M&S top  US 10 long T-shirt Brown W satin trim ,INR 584.49,Previous Price,https://www.ebay.com/itm/Womens-Per-Una-Marks-and-Spencer-M-S-top-US-10-long-T-shirt-Brown-W-satin-trim/124158511848?hash=item1ce86c8ae8:g:P4IAAOSwDnleI8Vh,https://i.ebayimg.com/thumbs/images/g/P4IAAOSwDnleI8Vh/s-l225.jpg
MENS M&S NORTH COAST Thermal LONG SLEEVE T.SHIRT TOP SIZE XL Maroon,INR 598.73,Previous Price,https://www.ebay.com/itm/MENS-M-S-NORTH-COAST-Thermal-LONG-SLEEVE-T-SHIRT-TOP-SIZE-XL-Maroon/124183047251?hash=item1ce9e2ec53:g:f78AAOSwaRleuLSq,https://i.ebayimg.com/thumbs/images/g/f78AAOSwaRleuLSq/s-l225.jpg
2 Marks and Spencer Autograph Men's Plain Black T-Shirt  Large,INR 538.78,Previous Price,https://www.ebay.com/itm/2-Marks-and-Spencer-Autograph-Mens-Plain-Black-T-Shirt-Large/124253133963?hash=item1cee105c8b:g:9rgAAOSwngJdk~~C,https://i.ebayimg.com/thumbs/images/g/9rgAAOSwngJdk~~C/s-l225.jpg
Marks and Spencer  Women's Blue Round Neck Short Sleeve Thermal T-Shirt Med,INR 508.80,Previous Price,https://www.ebay.com/itm/Marks-and-Spencer-Womens-Blue-Round-Neck-Short-Sleeve-Thermal-T-Shirt-Med/124158511836?hash=item1ce86c8adc:g:QrIAAOSwHX5ditfZ,https://i.ebayimg.com/thumbs/images/g/QrIAAOSwHX5ditfZ/s-l225.jpg
"Marks&Spencer Girl's ""Flamingo"" T-Shirt - Size Girls 11-12 Years, Never Worn!",INR 749.34,Time left,https://www.ebay.com/itm/Marks-Spencer-Girls-Flamingo-T-Shirt-Size-Girls-11-12-Years-Never-Worn/293675261716?hash=item446068df14:g:d1MAAOSwQHBdSwnn,https://i.ebayimg.com/thumbs/images/g/d1MAAOSwQHBdSwnn/s-l225.jpg
Marks & Spencer Womens Long Sleeve Blue and grey tee shirt UK 12-14 us 8-10,INR 554.51,Previous Price,https://www.ebay.com/itm/Marks-Spencer-Womens-Long-Sleeve-Blue-and-grey-tee-shirt-UK-12-14-us-8-10/124219327115?hash=item1cec0c828b:g:YGYAAOSwVc9eG-FT,https://i.ebayimg.com/thumbs/images/g/YGYAAOSwVc9eG-FT/s-l225.jpg
Womens Per Una Marks and Spencer M&S top  US 10 long T-shirt Brown W satin trim ,INR 584.49,Previous Price,https://www.ebay.com/itm/Womens-Per-Una-Marks-and-Spencer-M-S-top-US-10-long-T-shirt-Brown-W-satin-trim/124158511848?hash=item1ce86c8ae8:g:P4IAAOSwDnleI8Vh,https://i.ebayimg.com/thumbs/images/g/P4IAAOSwDnleI8Vh/s-l225.jpg
MENS M&S NORTH COAST Thermal LONG SLEEVE T.SHIRT TOP SIZE XL Maroon,INR 598.73,Previous Price,https://www.ebay.com/itm/MENS-M-S-NORTH-COAST-Thermal-LONG-SLEEVE-T-SHIRT-TOP-SIZE-XL-Maroon/124183047251?hash=item1ce9e2ec53:g:f78AAOSwaRleuLSq,https://i.ebayimg.com/thumbs/images/g/f78AAOSwaRleuLSq/s-l225.jpg
"M&S Girl's ""Leopard"" T-Shirt - Size Girls 12-13 Years, Never Worn, Amazing Shirt",INR 449.61,Time left,https://www.ebay.com/itm/M-S-Girls-Leopard-T-Shirt-Size-Girls-12-13-Years-Never-Worn-Amazing-Shirt/293675261676?hash=item446068deec:g:9TgAAOSwe5ZdSw7P,https://i.ebayimg.com/thumbs/images/g/9TgAAOSwe5ZdSw7P/s-l225.jpg
Marks & Spencer Women's Dress Embroidered Rose Mini T Shirt Black size Small,INR 373.92,Time left,https://www.ebay.com/itm/Marks-Spencer-Womens-Dress-Embroidered-Rose-Mini-T-Shirt-Black-size-Small/133485237751?hash=item1f145715f7:g:e98AAOSw8zdarWXs,https://i.ebayimg.com/thumbs/images/g/e98AAOSw8zdarWXs/s-l225.jpg
"Marks&Spencer Girl's ""Flamingo"" T-Shirt - Size Girls 11-12 Years, Never Worn!",INR 749.34,Time left,https://www.ebay.com/itm/Marks-Spencer-Girls-Flamingo-T-Shirt-Size-Girls-11-12-Years-Never-Worn/293675261716?hash=item446068df14:g:d1MAAOSwQHBdSwnn,https://i.ebayimg.com/thumbs/images/g/d1MAAOSwQHBdSwnn/s-l225.jpg
"M&S Girl's ""Leopard"" T-Shirt - Size Girls 12-13 Years, Never Worn, Amazing Shirt",INR 449.61,Time left,https://www.ebay.com/itm/M-S-Girls-Leopard-T-Shirt-Size-Girls-12-13-Years-Never-Worn-Amazing-Shirt/293675261676?hash=item446068deec:g:9TgAAOSwe5ZdSw7P,https://i.ebayimg.com/thumbs/images/g/9TgAAOSwe5ZdSw7P/s-l225.jpg
Marks & Spencer Women's Dress Embroidered Rose Mini T Shirt Black size Small,INR 373.92,Time left,https://www.ebay.com/itm/Marks-Spencer-Womens-Dress-Embroidered-Rose-Mini-T-Shirt-Black-size-Small/133485237751?hash=item1f145715f7:g:e98AAOSw8zdarWXs,https://i.ebayimg.com/thumbs/images/g/e98AAOSw8zdarWXs/s-l225.jpg
"Marks & Spencer Men's England Knit T-Shirt - The Football Association, Large",INR 973.40,-1,https://www.ebay.com/itm/Marks-Spencer-Mens-England-Knit-T-Shirt-The-Football-Association-Large/223867764090?_trkparms=ispr%3D1&hash=item341f8efd7a:g:Av0AAOSwqIJefnRo&amdata=enc%3AAQAFAAACcBaobrjLl8XobRIiIML1V4Imu%252Fn%252BzU5L90Z278x5ickkgCVySCgrNFPU8Iu85TabMLfpjkZrZcVhN4lc0du2CT%252BYQVplX65dTBIBxbcXTy07KC4RxyS0uM1xQ9kK1Fw1tasEXTLCat0YBd0OhwClmFK8iD8O0LLlbVgRm%252FJn47rgL7qylU8LfwI492kO9%252F4uEztSD72vmxinHRl6L%252F%252FOLwg2lc2%252FbgUUB5lKWgxyzf%252BjNm5LtnraIzshLZNgxmzO87ipqcYClrFRWhZ8%252FvKLJSOSglslsPDD7n8DgBsUBGnxqdHFOc9JEOUExFthdbuAw9v9c0lEomaHKVZr%252FrZg7qwf3r%252BdaudQe8e9nAbW3xKN04hcL5x7OtcqS7UaczcCDIQBLJZNErPoDh4DJBYDt80QQTnNUVJ80eBNI0GyKpPI%252BhrV5Rqtp8EV7ia%252BtwbPuxhfcA6H5RVxJPSUiACsaOzaJSRpaleJUjKKBnQX5VFFdSZlxYGz9DE5iiTgrELHr%252FzXncQODxyeJu6k236YF4uUhgfxFndZk5OpkNcn2Ccp9zgXLfCEF3RuZYj00%252B3E9PHpkOmbvZWQJ45DoVl525bSCVrbV10%252F%252FAs6JjOvbYuJMKmeHudVsuItXYEiZwOvK0r2KabpzIbGZeWPRzcDIrlaVJGuIvjbIwTvTpulKKeru6Egea5jLRfkmevae%252BDE%252Bpi3040TzmLp0jBaQCZjmCH5q3r7dvQ7XP8xK0vSEw%252BSuG93n7AVojIsJh9zxULvlyVtFPvdqMsUS1FKShF3jY4GjPSp5XZonjsH7yKjCgMIaNMo8VA85xRT0vlCfNR%252BCw%253D%253D%7Ccksum%3A223867764090fc1ef00661cf4b2f8d0bce22da19c118%7Campid%3APL_CLK%7Cclp%3A2334524,https://i.ebayimg.com/thumbs/images/g/Av0AAOSwqIJefnRo/s-l225.jpg
marks & spencer womens scoop neck t shirt top sea green size 12 stretch basic,"INR 1,497.94",-1,https://www.ebay.com/itm/marks-spencer-womens-scoop-neck-t-shirt-top-sea-green-size-12-stretch-basic/193533208260?_trkparms=ispr%3D1&hash=item2d0f7a66c4:g:sVAAAOSwXI1eG8YQ&amdata=enc%3AAQAFAAACcBaobrjLl8XobRIiIML1V4Imu%252Fn%252BzU5L90Z278x5ickkfKe2vUidqHRg3XM2X2xOVC7do2zl9I5KbwJEY53bozGsR2jGglNTWSrTxaGnAZOJUfgxKf%252BNZHTBInBwe04agDQL5LIJJ8LGOmeLouh482No46caSCZBPf2sSxRniIY9Kn6qplez%252BClKEt6H5tnSPEjsZd8l6iYwXOvZtqbZ99%252FozDe8vs%252BszpVEKycgTpAZH%252FZPSedPdqYHPb%252BJ3pklUYX5pBJ7rdR6xvX14nD3lk4Eo%252BrYCwb3RDnsVrHXwot1yL2lBVrTKPi8nzVB3%252F6z3cdZOxOPOA9KcAkfOr5HJTNTiZUMpNbtrAY%252BzwX27cBw4Yc7rFuVOcn%252BR95fOavUeUDXKzAAotg8%252BxuDJ6u6ET1tuvMZTwtVhMAzopuwc4S7Wg29Rx8pl21zW6ixsdoq9F1%252FJzAyDUCcKOS3JYDOTYPAs%252B%252BR%252FngFGJAa2%252FPDRLiQp2VH4Z2ld8AXomqLXKOdOHOFTFrcBnalmNnO%252BuiQ1zGFHiTuu8NlA4GgKop9wdaouPLaYzOQ8sMXzCiAigWeSXfOZrOFK1%252BT50yMVdeBx2i4EBJ4iXTFBkNpqUBW8yPtG57BsIag4jshAygOkBYADVfD4g%252BWCW%252BzHVPcZCQ7eGTFCxMFDRoUVv%252FIZtEftbrI%252Bf1ujmCsy%252FY6MJMzSls1wIwurLM6WgUD3Fp56DPBao3dfMvM3RUnXOlXUryBnzjCyXpv04xt%252Bnx%252BqysosHFGvRHUKJLzrVi2DoorlsfFV47uhrwNu3vpCLG966vBd5RJ1DbNtYwoNJHZ5SjYW7b9zw%253D%253D%7Ccksum%3A193533208260fc1ef00661cf4b2f8d0bce22da19c118%7Campid%3APL_CLK%7Cclp%3A2334524,https://i.ebayimg.com/thumbs/images/g/sVAAAOSwXI1eG8YQ/s-l225.jpg
st michael marks and spencer Grey tee shirt Med.,INR 598.73,Previous Price,https://www.ebay.com/itm/st-michael-marks-and-spencer-Grey-tee-shirt-Med/124183617743?hash=item1ce9eba0cf:g:VRoAAOSweFheuVy6,https://i.ebayimg.com/thumbs/images/g/VRoAAOSweFheuVy6/s-l225.jpg
"Marks & Spencer Men's England Knit T-Shirt - The Football Association, Large",INR 973.40,-1,https://www.ebay.com/itm/Marks-Spencer-Mens-England-Knit-T-Shirt-The-Football-Association-Large/223867764090?_trkparms=ispr%3D1&hash=item341f8efd7a:g:Av0AAOSwqIJefnRo&amdata=enc%3AAQAFAAACcBaobrjLl8XobRIiIML1V4Imu%252Fn%252BzU5L90Z278x5ickkgCVySCgrNFPU8Iu85TabMLfpjkZrZcVhN4lc0du2CT%252BYQVplX65dTBIBxbcXTy07KC4RxyS0uM1xQ9kK1Fw1tasEXTLCat0YBd0OhwClmFK8iD8O0LLlbVgRm%252FJn47rgL7qylU8LfwI492kO9%252F4uEztSD72vmxinHRl6L%252F%252FOLwg2lc2%252FbgUUB5lKWgxyzf%252BjNm5LtnraIzshLZNgxmzO87ipqcYClrFRWhZ8%252FvKLJSOSglslsPDD7n8DgBsUBGnxqdHFOc9JEOUExFthdbuAw9v9c0lEomaHKVZr%252FrZg7qwQd2yfKJxN8ck8d3U4K4cX4gBSvd7IbGV%252BGcqxzYem5xW8ZrvzaQWvFOxdcum5H0HKu%252FPPLoiFcsL3hD1xd71FK4AbP%252BGxmWb%252BTHlIbNe07LBJHlq4kLoBpjcG6CshbCX2Ol1zPIivVS%252B%252BFdYNkVd6q%252FjjZ82KVeZVCH4ZABqDBPC%252BZut93W3Llg1zVUsn9%252Fqh5M51d17YjCEs4aVVZlATmK5wASoMH2xfEsF15mttDxfz2t83d%252FORCjKdh6DoqQofWRML%252BytZo%252FQfdTbTw82pipz5zggq9VJFopb82xNLKb1VCq4TkFZeWhDfgnmb9i4cfgz%252FfJ53BHTnG3Rlq%252FrjG8PeJBLkQzlxGekbIX0HXeHsSez2VuvXT5axYyC%252FuYs8QxeRpQLjSGvxwz%252Bjsuw42eB4gokhYnqtlcAYLSAEkwo2zjdyiVPdPNBBmjtj32pqQW%252FuC3iePXC96bsjh5KN%252Ffp%252BINiaVR2aM%252F1FSSjrLw%253D%253D%7Ccksum%3A2238677640904149492fcbf74b2bbe7c3be87ef76c1a%7Campid%3APL_CLK%7Cclp%3A2334524,https://i.ebayimg.com/thumbs/images/g/Av0AAOSwqIJefnRo/s-l225.jpg
M&S Marks & Spencer Women XL 22(UK) Solid Black Cotton Crew Long Sleeve T-Shirt,"INR 1,138.25",-1,https://www.ebay.com/itm/M-S-Marks-Spencer-Women-XL-22-UK-Solid-Black-Cotton-Crew-Long-Sleeve-T-Shirt/203061664917?hash=item2f476b1c95:g:wTsAAOSwgbte0nM5,https://i.ebayimg.com/thumbs/images/g/wTsAAOSwgbte0nM5/s-l225.jpg
Marks and Spencer Lilac Vneck t-shirt Womenâs Size XXl ,INR 314.72,Previous Price,https://www.ebay.com/itm/Marks-and-Spencer-Lilac-Vneck-t-shirt-Women-s-Size-XXl/124168485221?hash=item1ce904b965:g:hKAAAOSwzY1dGBTe,https://i.ebayimg.com/thumbs/images/g/hKAAAOSwzY1dGBTe/s-l225.jpg
marks & spencer womens scoop neck t shirt top sea green size 12 stretch basic,"INR 1,497.94",-1,https://www.ebay.com/itm/marks-spencer-womens-scoop-neck-t-shirt-top-sea-green-size-12-stretch-basic/193533208260?hash=item2d0f7a66c4:g:sVAAAOSwXI1eG8YQ,https://i.ebayimg.com/thumbs/images/g/sVAAAOSwXI1eG8YQ/s-l225.jpg
st michael marks and spencer Grey tee shirt Med.,INR 598.73,Previous Price,https://www.ebay.com/itm/st-michael-marks-and-spencer-Grey-tee-shirt-Med/124183617743?hash=item1ce9eba0cf:g:VRoAAOSweFheuVy6,https://i.ebayimg.com/thumbs/images/g/VRoAAOSweFheuVy6/s-l225.jpg
2 Marks and Spencer Autograph Men's Plain Black T-Shirt  Large,INR 538.78,Previous Price,https://www.ebay.com/itm/2-Marks-and-Spencer-Autograph-Mens-Plain-Black-T-Shirt-Large/124253133963?hash=item1cee105c8b:g:9rgAAOSwngJdk~~C,https://i.ebayimg.com/thumbs/images/g/9rgAAOSwngJdk~~C/s-l225.jpg
M&S Marks & Spencer Women XL 22(UK) Solid Black Cotton Crew Long Sleeve T-Shirt,"INR 1,138.25",-1,https://www.ebay.com/itm/M-S-Marks-Spencer-Women-XL-22-UK-Solid-Black-Cotton-Crew-Long-Sleeve-T-Shirt/203061664917?hash=item2f476b1c95:g:wTsAAOSwgbte0nM5,https://i.ebayimg.com/thumbs/images/g/wTsAAOSwgbte0nM5/s-l225.jpg
Marks and Spencer  Women's Blue Round Neck Short Sleeve Thermal T-Shirt Med,INR 508.80,Previous Price,https://www.ebay.com/itm/Marks-and-Spencer-Womens-Blue-Round-Neck-Short-Sleeve-Thermal-T-Shirt-Med/124158511836?hash=item1ce86c8adc:g:QrIAAOSwHX5ditfZ,https://i.ebayimg.com/thumbs/images/g/QrIAAOSwHX5ditfZ/s-l225.jpg
Marks and Spencer Lilac Vneck t-shirt Womenâs Size XXl ,INR 314.72,Previous Price,https://www.ebay.com/itm/Marks-and-Spencer-Lilac-Vneck-t-shirt-Women-s-Size-XXl/124168485221?hash=item1ce904b965:g:hKAAAOSwzY1dGBTe,https://i.ebayimg.com/thumbs/images/g/hKAAAOSwzY1dGBTe/s-l225.jpg
Marks & Spencer Womens Long Sleeve Blue and grey tee shirt UK 12-14 us 8-10,INR 554.51,Previous Price,https://www.ebay.com/itm/Marks-Spencer-Womens-Long-Sleeve-Blue-and-grey-tee-shirt-UK-12-14-us-8-10/124219327115?hash=item1cec0c828b:g:YGYAAOSwVc9eG-FT,https://i.ebayimg.com/thumbs/images/g/YGYAAOSwVc9eG-FT/s-l225.jpg
2 Marks and Spencer Autograph Men's Plain Black T-Shirt  Large,INR 538.78,Previous Price,https://www.ebay.com/itm/2-Marks-and-Spencer-Autograph-Mens-Plain-Black-T-Shirt-Large/124253133963?hash=item1cee105c8b:g:9rgAAOSwngJdk~~C,https://i.ebayimg.com/thumbs/images/g/9rgAAOSwngJdk~~C/s-l225.jpg
Womens Per Una Marks and Spencer M&S top  US 10 long T-shirt Brown W satin trim ,INR 584.49,Previous Price,https://www.ebay.com/itm/Womens-Per-Una-Marks-and-Spencer-M-S-top-US-10-long-T-shirt-Brown-W-satin-trim/124158511848?hash=item1ce86c8ae8:g:P4IAAOSwDnleI8Vh,https://i.ebayimg.com/thumbs/images/g/P4IAAOSwDnleI8Vh/s-l225.jpg
Marks and Spencer  Women's Blue Round Neck Short Sleeve Thermal T-Shirt Med,INR 508.80,Previous Price,https://www.ebay.com/itm/Marks-and-Spencer-Womens-Blue-Round-Neck-Short-Sleeve-Thermal-T-Shirt-Med/124158511836?hash=item1ce86c8adc:g:QrIAAOSwHX5ditfZ,https://i.ebayimg.com/thumbs/images/g/QrIAAOSwHX5ditfZ/s-l225.jpg
MENS M&S NORTH COAST Thermal LONG SLEEVE T.SHIRT TOP SIZE XL Maroon,INR 598.73,Previous Price,https://www.ebay.com/itm/MENS-M-S-NORTH-COAST-Thermal-LONG-SLEEVE-T-SHIRT-TOP-SIZE-XL-Maroon/124183047251?hash=item1ce9e2ec53:g:f78AAOSwaRleuLSq,https://i.ebayimg.com/thumbs/images/g/f78AAOSwaRleuLSq/s-l225.jpg
Marks & Spencer Womens Long Sleeve Blue and grey tee shirt UK 12-14 us 8-10,INR 554.51,Previous Price,https://www.ebay.com/itm/Marks-Spencer-Womens-Long-Sleeve-Blue-and-grey-tee-shirt-UK-12-14-us-8-10/124219327115?hash=item1cec0c828b:g:YGYAAOSwVc9eG-FT,https://i.ebayimg.com/thumbs/images/g/YGYAAOSwVc9eG-FT/s-l225.jpg
"Marks&Spencer Girl's ""Flamingo"" T-Shirt - Size Girls 11-12 Years, Never Worn!",INR 749.34,Time left,https://www.ebay.com/itm/Marks-Spencer-Girls-Flamingo-T-Shirt-Size-Girls-11-12-Years-Never-Worn/293675261716?hash=item446068df14:g:d1MAAOSwQHBdSwnn,https://i.ebayimg.com/thumbs/images/g/d1MAAOSwQHBdSwnn/s-l225.jpg
Womens Per Una Marks and Spencer M&S top  US 10 long T-shirt Brown W satin trim ,INR 584.49,Previous Price,https://www.ebay.com/itm/Womens-Per-Una-Marks-and-Spencer-M-S-top-US-10-long-T-shirt-Brown-W-satin-trim/124158511848?hash=item1ce86c8ae8:g:P4IAAOSwDnleI8Vh,https://i.ebayimg.com/thumbs/images/g/P4IAAOSwDnleI8Vh/s-l225.jpg
"M&S Girl's ""Leopard"" T-Shirt - Size Girls 12-13 Years, Never Worn, Amazing Shirt",INR 449.61,Time left,https://www.ebay.com/itm/M-S-Girls-Leopard-T-Shirt-Size-Girls-12-13-Years-Never-Worn-Amazing-Shirt/293675261676?hash=item446068deec:g:9TgAAOSwe5ZdSw7P,https://i.ebayimg.com/thumbs/images/g/9TgAAOSwe5ZdSw7P/s-l225.jpg
MENS M&S NORTH COAST Thermal LONG SLEEVE T.SHIRT TOP SIZE XL Maroon,INR 598.73,Previous Price,https://www.ebay.com/itm/MENS-M-S-NORTH-COAST-Thermal-LONG-SLEEVE-T-SHIRT-TOP-SIZE-XL-Maroon/124183047251?hash=item1ce9e2ec53:g:f78AAOSwaRleuLSq,https://i.ebayimg.com/thumbs/images/g/f78AAOSwaRleuLSq/s-l225.jpg
Marks & Spencer Women's Dress Embroidered Rose Mini T Shirt Black size Small,INR 373.92,Time left,https://www.ebay.com/itm/Marks-Spencer-Womens-Dress-Embroidered-Rose-Mini-T-Shirt-Black-size-Small/133485237751?hash=item1f145715f7:g:e98AAOSw8zdarWXs,https://i.ebayimg.com/thumbs/images/g/e98AAOSw8zdarWXs/s-l225.jpg
"Marks&Spencer Girl's ""Flamingo"" T-Shirt - Size Girls 11-12 Years, Never Worn!",INR 749.34,Time left,https://www.ebay.com/itm/Marks-Spencer-Girls-Flamingo-T-Shirt-Size-Girls-11-12-Years-Never-Worn/293675261716?hash=item446068df14:g:d1MAAOSwQHBdSwnn,https://i.ebayimg.com/thumbs/images/g/d1MAAOSwQHBdSwnn/s-l225.jpg
"M&S Girl's ""Leopard"" T-Shirt - Size Girls 12-13 Years, Never Worn, Amazing Shirt",INR 449.61,Time left,https://www.ebay.com/itm/M-S-Girls-Leopard-T-Shirt-Size-Girls-12-13-Years-Never-Worn-Amazing-Shirt/293675261676?hash=item446068deec:g:9TgAAOSwe5ZdSw7P,https://i.ebayimg.com/thumbs/images/g/9TgAAOSwe5ZdSw7P/s-l225.jpg
Marks & Spencer Women's Dress Embroidered Rose Mini T Shirt Black size Small,INR 373.92,Time left,https://www.ebay.com/itm/Marks-Spencer-Womens-Dress-Embroidered-Rose-Mini-T-Shirt-Black-size-Small/133485237751?hash=item1f145715f7:g:e98AAOSw8zdarWXs,https://i.ebayimg.com/thumbs/images/g/e98AAOSw8zdarWXs/s-l225.jpg
"Marks & Spencer Men's England Knit T-Shirt - The Football Association, Large",INR 973.40,-1,https://www.ebay.com/itm/Marks-Spencer-Mens-England-Knit-T-Shirt-The-Football-Association-Large/223867764090?_trkparms=ispr%3D1&hash=item341f8efd7a:g:Av0AAOSwqIJefnRo&amdata=enc%3AAQAFAAACcBaobrjLl8XobRIiIML1V4Imu%252Fn%252BzU5L90Z278x5ickkgCVySCgrNFPU8Iu85TabMLfpjkZrZcVhN4lc0du2CT%252BYQVplX65dTBIBxbcXTy07KC4RxyS0uM1xQ9kK1Fw1tasEXTLCat0YBd0OhwClmFK8iD8O0LLlbVgRm%252FJn47rgL7qylU8LfwI492kO9%252F4uEztSD72vmxinHRl6L%252F%252FOLwg2lc2%252FbgUUB5lKWgxyzf%252BjNm5LtnraIzshLZNgxmzO87ipqcYClrFRWhZ8%252FvKLJSOSglslsPDD7n8DgBsUBGnxqdHFOc9JEOUExFthdbuAw9v9c0lEomaHKVZr%252FrZg7qyRsEveaE3QZteGkYtiutVYK4qWJSDNeE9OJucaNvuKkAyguYfFo45JcC%252FnGzV4v3REici9pMpSWkyCndnywKNFfac3lXgBAgx0dXOINjr7CncZ12J60ue9KmzbBQgx45UFHo8DY122ma%252B0K%252FBo4TNTmJI9R1OBMMp5FG6naU71uJi9oNNqtMq1JBKrE5Wtl67nYRUfwPYqqz%252Bxgd9YQ8KFa%252FQC7442%252FJ1ubwVM%252BACOFi0mrbGdUiH2yl3iAGk%252FE%252FwSxLlp4ZHlG8lzlh24vIT69BkqhWEIcF2YUtMWmPN3LJAc8dQUBYiapgFb2LW4tzI7Egup%252B2kUn0QNTKUqBFa4c0o4b%252FHG3ONC4r8rJ1w%252BodEGGw6%252BG5i1D52RzVkBVEFNk4%252FoOaM35hhyMd1fsoZDazR%252Fu24ZjYfWuLPiyjOiwuzVu8n3MDfYAGmNyhAEFjmRjXmtwooBGER%252FpwOCfiTzCtId%252FL7Fazl9jOdYoVKWPg%253D%253D%7Ccksum%3A223867764090a8af71192545478e88f98ca02dd94ade%7Campid%3APL_CLK%7Cclp%3A2334524,https://i.ebayimg.com/thumbs/images/g/Av0AAOSwqIJefnRo/s-l225.jpg
marks & spencer womens scoop neck t shirt top sea green size 12 stretch basic,"INR 1,497.94",-1,https://www.ebay.com/itm/marks-spencer-womens-scoop-neck-t-shirt-top-sea-green-size-12-stretch-basic/193533208260?_trkparms=ispr%3D1&hash=item2d0f7a66c4:g:sVAAAOSwXI1eG8YQ&amdata=enc%3AAQAFAAACcBaobrjLl8XobRIiIML1V4Imu%252Fn%252BzU5L90Z278x5ickkfKe2vUidqHRg3XM2X2xOVC7do2zl9I5KbwJEY53bozGsR2jGglNTWSrTxaGnAZOJUfgxKf%252BNZHTBInBwe04agDQL5LIJJ8LGOmeLouh482No46caSCZBPf2sSxRniIY9Kn6qplez%252BClKEt6H5tnSPEjsZd8l6iYwXOvZtqbZ99%252FozDe8vs%252BszpVEKycgTpAZH%252FZPSedPdqYHPb%252BJ3pklUYX5pBJ7rdR6xvX14nD3lk4Eo%252BrYCwb3RDnsVrHXwot1yL2lBVrTKPi8nzVB3%252F6z3cdZOxOPOA9KcAkfOr5HJTMIssvZAzzMsPVGdvhn%252BBepgLnrxOWy8xqKMbGugQVg400TcDjTS5sd3fUvduvQKx%252FF2mVsMYFGhYCk8%252FCTqLN0mFpQDg8rbATi4dtt%252FA6C6qoU9vYJcku6dXR%252B3SBP8Afk%252BjHvhPb4tNNx64uYMtxl6yO1Bn8if%252FsJAy4Hk9lMxthXJUzE%252BcP9kT%252Bgi1kfS1%252FMtEmUHvUOMVJLo8sWE8U4ZzpX6ibfJupH60%252BEnblSTwMJ3BiCxbVqimCAcXr06X1dT8c0htOVral0bCNAhO%252FvefUf8l4q6mJH19IcC9ZzSEwZ0PrSUlTioif62NKza9BxvBii0sOPXWAZb1eAyLP4GD7IH0I2%252BMpZlDF1DjbXIRW3y8jg7E2ULH%252BwvGC8Tp1TZ%252Fi%252BKc3iHUC7CBfWKD9G%252FTwOfE5pc5cBRmSpD%252FpiyFYCkGX26U4ZS6FzDqhOsDMgYs%252B1WWGClmM8mnEpci4i%252FKfycXlz4SO3OSxTXz5oiw%253D%253D%7Ccksum%3A193533208260a8af71192545478e88f98ca02dd94ade%7Campid%3APL_CLK%7Cclp%3A2334524,https://i.ebayimg.com/thumbs/images/g/sVAAAOSwXI1eG8YQ/s-l225.jpg
st michael marks and spencer Grey tee shirt Med.,INR 598.73,Previous Price,https://www.ebay.com/itm/st-michael-marks-and-spencer-Grey-tee-shirt-Med/124183617743?hash=item1ce9eba0cf:g:VRoAAOSweFheuVy6,https://i.ebayimg.com/thumbs/images/g/VRoAAOSweFheuVy6/s-l225.jpg
M&S Marks & Spencer Women XL 22(UK) Solid Black Cotton Crew Long Sleeve T-Shirt,"INR 1,138.25",-1,https://www.ebay.com/itm/M-S-Marks-Spencer-Women-XL-22-UK-Solid-Black-Cotton-Crew-Long-Sleeve-T-Shirt/203061664917?hash=item2f476b1c95:g:wTsAAOSwgbte0nM5,https://i.ebayimg.com/thumbs/images/g/wTsAAOSwgbte0nM5/s-l225.jpg
Marks and Spencer Lilac Vneck t-shirt Womenâs Size XXl ,INR 314.72,Previous Price,https://www.ebay.com/itm/Marks-and-Spencer-Lilac-Vneck-t-shirt-Women-s-Size-XXl/124168485221?hash=item1ce904b965:g:hKAAAOSwzY1dGBTe,https://i.ebayimg.com/thumbs/images/g/hKAAAOSwzY1dGBTe/s-l225.jpg
2 Marks and Spencer Autograph Men's Plain Black T-Shirt  Large,INR 538.78,Previous Price,https://www.ebay.com/itm/2-Marks-and-Spencer-Autograph-Mens-Plain-Black-T-Shirt-Large/124253133963?hash=item1cee105c8b:g:9rgAAOSwngJdk~~C,https://i.ebayimg.com/thumbs/images/g/9rgAAOSwngJdk~~C/s-l225.jpg
Marks and Spencer  Women's Blue Round Neck Short Sleeve Thermal T-Shirt Med,INR 508.80,Previous Price,https://www.ebay.com/itm/Marks-and-Spencer-Womens-Blue-Round-Neck-Short-Sleeve-Thermal-T-Shirt-Med/124158511836?hash=item1ce86c8adc:g:QrIAAOSwHX5ditfZ,https://i.ebayimg.com/thumbs/images/g/QrIAAOSwHX5ditfZ/s-l225.jpg
Marks & Spencer Womens Long Sleeve Blue and grey tee shirt UK 12-14 us 8-10,INR 554.51,Previous Price,https://www.ebay.com/itm/Marks-Spencer-Womens-Long-Sleeve-Blue-and-grey-tee-shirt-UK-12-14-us-8-10/124219327115?hash=item1cec0c828b:g:YGYAAOSwVc9eG-FT,https://i.ebayimg.com/thumbs/images/g/YGYAAOSwVc9eG-FT/s-l225.jpg
Womens Per Una Marks and Spencer M&S top  US 10 long T-shirt Brown W satin trim ,INR 584.49,Previous Price,https://www.ebay.com/itm/Womens-Per-Una-Marks-and-Spencer-M-S-top-US-10-long-T-shirt-Brown-W-satin-trim/124158511848?hash=item1ce86c8ae8:g:P4IAAOSwDnleI8Vh,https://i.ebayimg.com/thumbs/images/g/P4IAAOSwDnleI8Vh/s-l225.jpg
MENS M&S NORTH COAST Thermal LONG SLEEVE T.SHIRT TOP SIZE XL Maroon,INR 598.73,Previous Price,https://www.ebay.com/itm/MENS-M-S-NORTH-COAST-Thermal-LONG-SLEEVE-T-SHIRT-TOP-SIZE-XL-Maroon/124183047251?hash=item1ce9e2ec53:g:f78AAOSwaRleuLSq,https://i.ebayimg.com/thumbs/images/g/f78AAOSwaRleuLSq/s-l225.jpg
"Marks&Spencer Girl's ""Flamingo"" T-Shirt - Size Girls 11-12 Years, Never Worn!",INR 749.34,Time left,https://www.ebay.com/itm/Marks-Spencer-Girls-Flamingo-T-Shirt-Size-Girls-11-12-Years-Never-Worn/293675261716?hash=item446068df14:g:d1MAAOSwQHBdSwnn,https://i.ebayimg.com/thumbs/images/g/d1MAAOSwQHBdSwnn/s-l225.jpg
"M&S Girl's ""Leopard"" T-Shirt - Size Girls 12-13 Years, Never Worn, Amazing Shirt",INR 449.61,Time left,https://www.ebay.com/itm/M-S-Girls-Leopard-T-Shirt-Size-Girls-12-13-Years-Never-Worn-Amazing-Shirt/293675261676?hash=item446068deec:g:9TgAAOSwe5ZdSw7P,https://i.ebayimg.com/thumbs/images/g/9TgAAOSwe5ZdSw7P/s-l225.jpg
Marks & Spencer Women's Dress Embroidered Rose Mini T Shirt Black size Small,INR 373.92,Time left,https://www.ebay.com/itm/Marks-Spencer-Womens-Dress-Embroidered-Rose-Mini-T-Shirt-Black-size-Small/133485237751?hash=item1f145715f7:g:e98AAOSw8zdarWXs,https://i.ebayimg.com/thumbs/images/g/e98AAOSw8zdarWXs/s-l225.jpg
